Workbook

Sheet Schedule
A1: Table Tennis Schedule! Games will be held nightly, MONDAY—THURSDAY Games will take place in Room K, on the fifth floor of PWG Email or Text Natalie (natalie.haase@yale.edu; 435-210-1493) with any questions
A6: Green Division: GH, PC, ES, BF, TD, TC, MC
A7: Blue Division: MY, BR, SY, DC, SM, BK, JE
A9: WEEK 1
A10: Monday (9/7) Labor Day | D10: Tuesday (9/8) 1st Day of IMs | G10: Wednesday (9/9) | J10: Thursday (9/10)
D11: Room K | E11: SY vs ES | F11: 0.83333333 | G11: Room K | H11: BK vs PC | I11: 0.83333333 | J11: Room K | K11: SM vs MY | L11: 0.83333333
E12: GH vs MY | F12: 0.875 | H12: TD vs TC | I12: 0.875 | K12: SY vs BR | L12: 0.875
E13: DC vs BR | F13: 0.91666667 | H13: MC vs JE | I13: 0.91666667 | K13: GH vs ES | L13: 0.91666667
A16: WEEK 2
A17: Monday (9/14) | D17: Tuesday (9/15) IM Vball Tourney | G17: Wednesday (9/16) | J17: Thursday (9/17)
A18: Room K | B18: DC vs ES | C18: 0.83333333 | G18: Room K | H18: GH vs DC | I18: 0.83333333 | J18: Room K | K18: MC vs PC | L18: 0.83333333
B19: SM vs BR | C19: 0.875 | H19: SM vs ES | I19: 0.875 | K19: BF vs JE | L19: 0.875
B20: SY vs MY | C20: 0.91666667 | H20: BR vs MY | I20: 0.91666667 | K20: BK vs TC | L20: 0.91666667
A23: WEEK 3
A24: Monday (9/21) Yom Kippur | D24: Tuesday (9/22) | G24: Wednesday (9/23) | J24: Thursday (9/24)
D25: Room K | E25: SY vs GH | F25: 0.83333333 | G25: Room K | H25: TD vs MC | I25: 0.83333333 | J25: Room K | K25: BK vs TD | L25: 0.83333333
E26: DC vs SM | F26: 0.875 | H26: BF vs PC | I26: 0.875 | K26: MC vs BF | L26: 0.875
E27: ES vs BR | F27: 0.91666667 | H27: JE vs TC | I27: 0.91666667 | K27: PC vs JE | L27: 0.91666667
A30: WEEK 4
A31: Monday (09/28) | D31: Tuesday (09/29) | G31: Wednesday (9/30) | J31: Thursday (10/1)
A32: Room K | B32: PC vs TC | C32: 0.83333333 | D32: Room K | E32: ES vs MY | F32: 0.83333333 | G32: Room K | H32: TD vs JE | I32: 0.83333333 | J32: Room K | K32: GH vs BR | L32: 0.83333333
B33: BK vs MC | C33: 0.875 | E33: SY vs DC | F33: 0.875 | H33: MC vs TC | I33: 0.875 | K33: DC vs MY | L33: 0.875
B34: TD vs BF | C34: 0.91666667 | E34: GH vs SM | F34: 0.91666667 | H34: BK vs BF | I34: 0.91666667 | K34: SY vs SM | L34: 0.91666667
A37: WEEK 5 | B37: PLAYOFFS
A38: Monday (10/5) 1st day playoffs | D38: Tuesday (10/6) | G38: Wednesday (10/7) quarters | J38: Thursday (10/8) quarters
A39: Room K | B39: BF vs TC | C39: 0.83333333 | D39: Room K | F39: 0.83333333 | G39: Room K | I39: 0.83333333 | J39: Room K | L39: 0.83333333
B40: BK vs JE | C40: 0.875 | F40: 0.875 | I40: 0.875 | L40: 0.875
B41: TD vs PC | C41: 0.91666667 | F41: 0.91666667
A44: MIDTERMS
A45: Monday (10/12) | D45: Tuesday (10/13) | G45: Wednesday (10/14) | J45: Thursday (10/15)
A47: OCTOBER RECESS (Wed 21st - Sun 25th)
A51: WEEK 6 | B51: PLAYOFFS
A52: Monday (10/26) semis | D52: Tuesday (10/27) finals | G52: Wednesday (10/28) | J52: Thursday (10/29)
A53: Room K | C53: 0.83333333 | D53: Room K | F53: 0.83333333
A54: Room K | C54: 0.875

Sheet Results
A1: =IFERROR(__xludf.DUMMYFUNCTION("IMPORTRANGE(""https://docs.google.com/spreadsheets/d/1qWleZhA-eYYMtqY3q7iNrJQoWCGPPoNQkbbp29eyk50/edit?usp=sharing"", ""sheet1!C1:F1000"")"),"#REF!") -> #REF! | E1: Winner | F1: Winner (college) | G1: =IFERROR(__xludf.DUMMYFUNCTION("IMPORTRANGE(""https://docs.google.com/spreadsheets/d/1qWleZhA-eYYMtqY3q7iNrJQoWCGPPoNQkbbp29eyk50/edit?usp=sharing"", ""sheet1!G1:G1000"")"),"#REF!") -> #REF! | H1: Date
E2: =IF(Results!$B2>Results!$D2,"Home",IF(Results!$B2=Results!$D2,"Draw",IF(Results!$B2<Results!$D2,"Away","?"))) -> Draw | F2: =IF(ISBLANK(A2),"",IF(Results!$B2>Results!$D2,$A2,IF(Results!$B2=Results!$D2,"Draw",IF(Results!$B2<Results!$D2,$C2,"?")))) | H2: =IFERROR(__xludf.DUMMYFUNCTION("IMPORTRANGE(""https://docs.google.com/spreadsheets/d/1qWleZhA-eYYMtqY3q7iNrJQoWCGPPoNQkbbp29eyk50/edit?usp=sharing"", ""sheet1!J2:J1000"")"),"#REF!") -> #REF!
E3: =IF(Results!$B3>Results!$D3,"Home",IF(Results!$B3=Results!$D3,"Draw",IF(Results!$B3<Results!$D3,"Away","?"))) -> Draw | F3: =IF(ISBLANK(A3),"",IF(Results!$B3>Results!$D3,$A3,IF(Results!$B3=Results!$D3,"Draw",IF(Results!$B3<Results!$D3,$C3,"?"))))
E4: =IF(Results!$B4>Results!$D4,"Home",IF(Results!$B4=Results!$D4,"Draw",IF(Results!$B4<Results!$D4,"Away","?"))) -> Draw | F4: =IF(ISBLANK(A4),"",IF(Results!$B4>Results!$D4,$A4,IF(Results!$B4=Results!$D4,"Draw",IF(Results!$B4<Results!$D4,$C4,"?"))))
E5: =IF(Results!$B5>Results!$D5,"Home",IF(Results!$B5=Results!$D5,"Draw",IF(Results!$B5<Results!$D5,"Away","?"))) -> Draw | F5: =IF(ISBLANK(A5),"",IF(Results!$B5>Results!$D5,$A5,IF(Results!$B5=Results!$D5,"Draw",IF(Results!$B5<Results!$D5,$C5,"?"))))
E6: =IF(Results!$B6>Results!$D6,"Home",IF(Results!$B6=Results!$D6,"Draw",IF(Results!$B6<Results!$D6,"Away","?"))) -> Draw | F6: =IF(ISBLANK(A6),"",IF(Results!$B6>Results!$D6,$A6,IF(Results!$B6=Results!$D6,"Draw",IF(Results!$B6<Results!$D6,$C6,"?"))))
E7: =IF(Results!$B7>Results!$D7,"Home",IF(Results!$B7=Results!$D7,"Draw",IF(Results!$B7<Results!$D7,"Away","?"))) -> Draw | F7: =IF(ISBLANK(A7),"",IF(Results!$B7>Results!$D7,$A7,IF(Results!$B7=Results!$D7,"Draw",IF(Results!$B7<Results!$D7,$C7,"?"))))
E8: =IF(Results!$B8>Results!$D8,"Home",IF(Results!$B8=Results!$D8,"Draw",IF(Results!$B8<Results!$D8,"Away","?"))) -> Draw | F8: =IF(ISBLANK(A8),"",IF(Results!$B8>Results!$D8,$A8,IF(Results!$B8=Results!$D8,"Draw",IF(Results!$B8<Results!$D8,$C8,"?"))))
E9: =IF(Results!$B9>Results!$D9,"Home",IF(Results!$B9=Results!$D9,"Draw",IF(Results!$B9<Results!$D9,"Away","?"))) -> Draw | F9: =IF(ISBLANK(A9),"",IF(Results!$B9>Results!$D9,$A9,IF(Results!$B9=Results!$D9,"Draw",IF(Results!$B9<Results!$D9,$C9,"?"))))
E10: =IF(Results!$B10>Results!$D10,"Home",IF(Results!$B10=Results!$D10,"Draw",IF(Results!$B10<Results!$D10,"Away","?"))) -> Draw | F10: =IF(ISBLANK(A10),"",IF(Results!$B10>Results!$D10,$A10,IF(Results!$B10=Results!$D10,"Draw",IF(Results!$B10<Results!$D10,$C10,"?"))))
E11: =IF(Results!$B11>Results!$D11,"Home",IF(Results!$B11=Results!$D11,"Draw",IF(Results!$B11<Results!$D11,"Away","?"))) -> Draw | F11: =IF(ISBLANK(A11),"",IF(Results!$B11>Results!$D11,$A11,IF(Results!$B11=Results!$D11,"Draw",IF(Results!$B11<Results!$D11,$C11,"?"))))
E12: =IF(Results!$B12>Results!$D12,"Home",IF(Results!$B12=Results!$D12,"Draw",IF(Results!$B12<Results!$D12,"Away","?"))) -> Draw | F12: =IF(ISBLANK(A12),"",IF(Results!$B12>Results!$D12,$A12,IF(Results!$B12=Results!$D12,"Draw",IF(Results!$B12<Results!$D12,$C12,"?"))))
E13: =IF(Results!$B13>Results!$D13,"Home",IF(Results!$B13=Results!$D13,"Draw",IF(Results!$B13<Results!$D13,"Away","?"))) -> Draw | F13: =IF(ISBLANK(A13),"",IF(Results!$B13>Results!$D13,$A13,IF(Results!$B13=Results!$D13,"Draw",IF(Results!$B13<Results!$D13,$C13,"?"))))
E14: =IF(Results!$B14>Results!$D14,"Home",IF(Results!$B14=Results!$D14,"Draw",IF(Results!$B14<Results!$D14,"Away","?"))) -> Draw | F14: =IF(ISBLANK(A14),"",IF(Results!$B14>Results!$D14,$A14,IF(Results!$B14=Results!$D14,"Draw",IF(Results!$B14<Results!$D14,$C14,"?"))))
... E46: =IF(Results!$B46>Results!$D46,"Home",IF(Results!$B46=Results!$D46,"Draw",IF(Results!$B46<Results!$D46,"Away","?"))) -> Draw | F46: =IF(ISBLANK(A46),"",IF(Results!$B46>Results!$D46,$A46,IF(Results!$B46=Results!$D46,"Draw",IF(Results!$B46<Results!$D46,$C46,"?"))))
E47: =IF(ISBLANK(A47),"", IF(Results!$B47>Results!$D47,"Home",IF(Results!$B47=Results!$D47,"Draw",IF(Results!$B47<Results!$D47,"Away","?")))) | F47: =IF(ISBLANK(A47),"",IF(Results!$B47>Results!$D47,$A47,IF(Results!$B47=Results!$D47,"Draw",IF(Results!$B47<Results!$D47,$C47,"?"))))
E48: =IF(ISBLANK(A48),"", IF(Results!$B48>Results!$D48,"Home",IF(Results!$B48=Results!$D48,"Draw",IF(Results!$B48<Results!$D48,"Away","?")))) | F48: =IF(ISBLANK(A48),"",IF(Results!$B48>Results!$D48,$A48,IF(Results!$B48=Results!$D48,"Draw",IF(Results!$B48<Results!$D48,$C48,"?"))))
E49: =IF(ISBLANK(A49),"", IF(Results!$B49>Results!$D49,"Home",IF(Results!$B49=Results!$D49,"Draw",IF(Results!$B49<Results!$D49,"Away","?")))) | F49: =IF(ISBLANK(A49),"",IF(Results!$B49>Results!$D49,$A49,IF(Results!$B49=Results!$D49,"Draw",IF(Results!$B49<Results!$D49,$C49,"?"))))
E50: =IF(ISBLANK(A50),"", IF(Results!$B50>Results!$D50,"Home",IF(Results!$B50=Results!$D50,"Draw",IF(Results!$B50<Results!$D50,"Away","?")))) | F50: =IF(ISBLANK(A50),"",IF(Results!$B50>Results!$D50,$A50,IF(Results!$B50=Results!$D50,"Draw",IF(Results!$B50<Results!$D50,$C50,"?"))))
E51: =IF(ISBLANK(A51),"", IF(Results!$B51>Results!$D51,"Home",IF(Results!$B51=Results!$D51,"Draw",IF(Results!$B51<Results!$D51,"Away","?")))) | F51: =IF(ISBLANK(A51),"",IF(Results!$B51>Results!$D51,$A51,IF(Results!$B51=Results!$D51,"Draw",IF(Results!$B51<Results!$D51,$C51,"?"))))
E52: =IF(ISBLANK(A52),"", IF(Results!$B52>Results!$D52,"Home",IF(Results!$B52=Results!$D52,"Draw",IF(Results!$B52<Results!$D52,"Away","?"))))
E53: =IF(ISBLANK(A53),"", IF(Results!$B53>Results!$D53,"Home",IF(Results!$B53=Results!$D53,"Draw",IF(Results!$B53<Results!$D53,"Away","?"))))
E54: =IF(ISBLANK(A54),"", IF(Results!$B54>Results!$D54,"Home",IF(Results!$B54=Results!$D54,"Draw",IF(Results!$B54<Results!$D54,"Away","?"))))
E55: =IF(ISBLANK(A55),"", IF(Results!$B55>Results!$D55,"Home",IF(Results!$B55=Results!$D55,"Draw",IF(Results!$B55<Results!$D55,"Away","?"))))
E56: =IF(ISBLANK(A56),"", IF(Results!$B56>Results!$D56,"Home",IF(Results!$B56=Results!$D56,"Draw",IF(Results!$B56<Results!$D56,"Away","?"))))
E57: =IF(ISBLANK(A57),"", IF(Results!$B57>Results!$D57,"Home",IF(Results!$B57=Results!$D57,"Draw",IF(Results!$B57<Results!$D57,"Away","?"))))
E58: =IF(ISBLANK(A58),"", IF(Results!$B58>Results!$D58,"Home",IF(Results!$B58=Results!$D58,"Draw",IF(Results!$B58<Results!$D58,"Away","?"))))
E59: =IF(ISBLANK(A59),"", IF(Results!$B59>Results!$D59,"Home",IF(Results!$B59=Results!$D59,"Draw",IF(Results!$B59<Results!$D59,"Away","?"))))
E60: =IF(ISBLANK(A60),"", IF(Results!$B60>Results!$D60,"Home",IF(Results!$B60=Results!$D60,"Draw",IF(Results!$B60<Results!$D60,"Away","?"))))
E61: =IF(ISBLANK(A61),"", IF(Results!$B61>Results!$D61,"Home",IF(Results!$B61=Results!$D61,"Draw",IF(Results!$B61<Results!$D61,"Away","?"))))
E62: =IF(ISBLANK(A62),"", IF(Results!$B62>Results!$D62,"Home",IF(Results!$B62=Results!$D62,"Draw",IF(Results!$B62<Results!$D62,"Away","?"))))
E63: =IF(ISBLANK(A63),"", IF(Results!$B63>Results!$D63,"Home",IF(Results!$B63=Results!$D63,"Draw",IF(Results!$B63<Results!$D63,"Away","?"))))
... E75: =IF(ISBLANK(A75),"", IF(Results!$B75>Results!$D75,"Home",IF(Results!$B75=Results!$D75,"Draw",IF(Results!$B75<Results!$D75,"Away","?"))))

Sheet Table
A1: College | B1: Games played | C1: Wins | D1: Losses | E1: Draws | F1: Points (6/win, 3/draw)
A2: BK | B2: =COUNTIFS(Results!$A$2:$A$992,"BK")+COUNTIFS(Results!$C$2:$C$993,"BK") -> 0 | C2: =COUNTIFS(Results!$A$2:$A$993,"BK",Results!$E$2:$E$993,"Home")+COUNTIFS(Results!$C$2:$C$993,"BK",Results!$E$2:$E$993,"Away") -> 0 | D2: =COUNTIFS(Results!$A$2:$A$993,"BK",Results!$E$2:$E$993,"Away")+COUNTIFS(Results!$C$2:$C$993,"BK",Results!$E$2:$E$993,"Home") -> 0 | E2: =COUNTIFS(Results!$A$2:$A$993,"BK",Results!$E$2:$E$993,"Draw")+COUNTIFS(Results!$C$2:$C$993,"BK",Results!$E$2:$E$993,"Draw") -> 0 | F2: =(C2*6)+(E2*3) -> 0
A3: TD | B3: =COUNTIFS(Results!$A$2:$A985,"TD")+COUNTIFS(Results!$C$2:$C$993,"TD") -> 0 | C3: =COUNTIFS(Results!$A$2:$A$993,"TD",Results!$E$2:$E$993,"Home")+COUNTIFS(Results!$C$2:$C$993,"TD",Results!$E$2:$E$993,"Away") -> 0 | D3: =COUNTIFS(Results!$A$2:$A$993,"TD",Results!$E$2:$E$993,"Away")+COUNTIFS(Results!$C$2:$C$993,"TD",Results!$E$2:$E$993,"Home") -> 0 | E3: =COUNTIFS(Results!$A$2:$A$993,"TD",Results!$E$2:$E$993,"Draw")+COUNTIFS(Results!$C$2:$C$993,"TD",Results!$E$2:$E$993,"Draw") -> 0 | F3: =(C3*6)+(E3*3) -> 0
A4: MC | B4: =COUNTIFS(Results!$A$2:$A989,"MC")+COUNTIFS(Results!$C$2:$C$993,"MC") -> 0 | C4: =COUNTIFS(Results!$A$2:$A$993,"MC",Results!$E$2:$E$993,"Home")+COUNTIFS(Results!$C$2:$C$993,"MC",Results!$E$2:$E$993,"Away") -> 0 | D4: =COUNTIFS(Results!$A$2:$A$993,"MC",Results!$E$2:$E$993,"Away")+COUNTIFS(Results!$C$2:$C$993,"MC",Results!$E$2:$E$993,"Home") -> 0 | E4: =COUNTIFS(Results!$A$2:$A$993,"MC",Results!$E$2:$E$993,"Draw")+COUNTIFS(Results!$C$2:$C$993,"MC",Results!$E$2:$E$993,"Draw") -> 0 | F4: =(C4*6)+(E4*3) -> 0
A5: BF | B5: =COUNTIFS(Results!$A$2:$A986,"BF")+COUNTIFS(Results!$C$2:$C$993,"BF") -> 0 | C5: =COUNTIFS(Results!$A$2:$A$993,"BF",Results!$E$2:$E$993,"Home")+COUNTIFS(Results!$C$2:$C$993,"BF",Results!$E$2:$E$993,"Away") -> 0 | D5: =COUNTIFS(Results!$A$2:$A$993,"BF",Results!$E$2:$E$993,"Away")+COUNTIFS(Results!$C$2:$C$993,"BF",Results!$E$2:$E$993,"Home") -> 0 | E5: =COUNTIFS(Results!$A$2:$A$993,"BF",Results!$E$2:$E$993,"Draw")+COUNTIFS(Results!$C$2:$C$993,"BF",Results!$E$2:$E$993,"Draw") -> 0 | F5: =(C5*6)+(E5*3) -> 0
A6: PC | B6: =COUNTIFS(Results!$A$2:$A986,"PC")+COUNTIFS(Results!$C$2:$C$993,"PC") -> 0 | C6: =COUNTIFS(Results!$A$2:$A$993,"PC",Results!$E$2:$E$993,"Home")+COUNTIFS(Results!$C$2:$C$993,"PC",Results!$E$2:$E$993,"Away") -> 0 | D6: =COUNTIFS(Results!$A$2:$A$993,"PC",Results!$E$2:$E$993,"Away")+COUNTIFS(Results!$C$2:$C$993,"PC",Results!$E$2:$E$993,"Home") -> 0 | E6: =COUNTIFS(Results!$A$2:$A$993,"PC",Results!$E$2:$E$993,"Draw")+COUNTIFS(Results!$C$2:$C$993,"PC",Results!$E$2:$E$993,"Draw") -> 0 | F6: =(C6*6)+(E6*3) -> 0
A7: JE | B7: =COUNTIFS(Results!$A$2:$A985,"JE")+COUNTIFS(Results!$C$2:$C$993,"JE") -> 0 | C7: =COUNTIFS(Results!$A$2:$A$993,"JE",Results!$E$2:$E$993,"Home")+COUNTIFS(Results!$C$2:$C$993,"JE",Results!$E$2:$E$993,"Away") -> 0 | D7: =COUNTIFS(Results!$A$2:$A$993,"JE",Results!$E$2:$E$993,"Away")+COUNTIFS(Results!$C$2:$C$993,"JE",Results!$E$2:$E$993,"Home") -> 0 | E7: =COUNTIFS(Results!$A$2:$A$993,"JE",Results!$E$2:$E$993,"Draw")+COUNTIFS(Results!$C$2:$C$993,"JE",Results!$E$2:$E$993,"Draw") -> 0 | F7: =(C7*6)+(E7*3) -> 0
A8: TC | B8: =COUNTIFS(Results!$A$2:$A998,"TC")+COUNTIFS(Results!$C$2:$C$993,"TC") -> 0 | C8: =COUNTIFS(Results!$A$2:$A$993,"TC",Results!$E$2:$E$993,"Home")+COUNTIFS(Results!$C$2:$C$993,"TC",Results!$E$2:$E$993,"Away") -> 0 | D8: =COUNTIFS(Results!$A$2:$A$993,"TC",Results!$E$2:$E$993,"Away")+COUNTIFS(Results!$C$2:$C$993,"TC",Results!$E$2:$E$993,"Home") -> 0 | E8: =COUNTIFS(Results!$A$2:$A$993,"TC",Results!$E$2:$E$993,"Draw")+COUNTIFS(Results!$C$2:$C$993,"TC",Results!$E$2:$E$993,"Draw") -> 0 | F8: =(C8*6)+(E8*3) -> 0
A10: SY | B10: =COUNTIFS(Results!$A$2:$A989,"SY")+COUNTIFS(Results!$C$2:$C$993,"SY") -> 0 | C10: =COUNTIFS(Results!$A$2:$A$993,"SY",Results!$E$2:$E$993,"Home")+COUNTIFS(Results!$C$2:$C$993,"SY",Results!$E$2:$E$993,"Away") -> 0 | D10: =COUNTIFS(Results!$A$2:$A$993,"SY",Results!$E$2:$E$993,"Away")+COUNTIFS(Results!$C$2:$C$993,"SY",Results!$E$2:$E$993,"Home") -> 0 | E10: =COUNTIFS(Results!$A$2:$A$993,"SY",Results!$E$2:$E$993,"Draw")+COUNTIFS(Results!$C$2:$C$993,"SY",Results!$E$2:$E$993,"Draw") -> 0 | F10: =(C10*6)+(E10*3) -> 0
A11: GH | B11: =COUNTIFS(Results!$A$2:$A997,"GH")+COUNTIFS(Results!$C$2:$C$993,"GH") -> 0 | C11: =COUNTIFS(Results!$A$2:$A$993,"GH",Results!$E$2:$E$993,"Home")+COUNTIFS(Results!$C$2:$C$993,"GH",Results!$E$2:$E$993,"Away") -> 0 | D11: =COUNTIFS(Results!$A$2:$A$993,"GH",Results!$E$2:$E$993,"Away")+COUNTIFS(Results!$C$2:$C$993,"GH",Results!$E$2:$E$993,"Home") -> 0 | E11: =COUNTIFS(Results!$A$2:$A$993,"GH",Results!$E$2:$E$993,"Draw")+COUNTIFS(Results!$C$2:$C$993,"GH",Results!$E$2:$E$993,"Draw") -> 0 | F11: =(C11*6)+(E11*3) -> 0
A12: DC | B12: =COUNTIFS(Results!$A$2:$A999,"DC")+COUNTIFS(Results!$C$2:$C$993,"DC") -> 0 | C12: =COUNTIFS(Results!$A$2:$A$993,"DC",Results!$E$2:$E$993,"Home")+COUNTIFS(Results!$C$2:$C$993,"DC",Results!$E$2:$E$993,"Away") -> 0 | D12: =COUNTIFS(Results!$A$2:$A$993,"DC",Results!$E$2:$E$993,"Away")+COUNTIFS(Results!$C$2:$C$993,"DC",Results!$E$2:$E$993,"Home") -> 0 | E12: =COUNTIFS(Results!$A$2:$A$993,"DC",Results!$E$2:$E$993,"Draw")+COUNTIFS(Results!$C$2:$C$993,"DC",Results!$E$2:$E$993,"Draw") -> 0 | F12: =(C12*6)+(E12*3) -> 0
A13: SM | B13: =COUNTIFS(Results!$A$2:$A$1003,"SM")+COUNTIFS(Results!$C$2:$C$993,"SM") -> 0 | C13: =COUNTIFS(Results!$A$2:$A$993,"SM",Results!$E$2:$E$993,"Home")+COUNTIFS(Results!$C$2:$C$993,"SM",Results!$E$2:$E$993,"Away") -> 0 | D13: =COUNTIFS(Results!$A$2:$A$993,"SM",Results!$E$2:$E$993,"Away")+COUNTIFS(Results!$C$2:$C$993,"SM",Results!$E$2:$E$993,"Home") -> 0 | E13: =COUNTIFS(Results!$A$2:$A$993,"SM",Results!$E$2:$E$993,"Draw")+COUNTIFS(Results!$C$2:$C$993,"SM",Results!$E$2:$E$993,"Draw") -> 0 | F13: =(C13*6)+(E13*3) -> 0
A14: ES | B14: =COUNTIFS(Results!$A$2:$A1005,"ES")+COUNTIFS(Results!$C$2:$C$993,"ES") -> 0 | C14: =COUNTIFS(Results!$A$2:$A$993,"ES",Results!$E$2:$E$993,"Home")+COUNTIFS(Results!$C$2:$C$993,"ES",Results!$E$2:$E$993,"Away") -> 0 | D14: =COUNTIFS(Results!$A$2:$A$993,"ES",Results!$E$2:$E$993,"Away")+COUNTIFS(Results!$C$2:$C$993,"ES",Results!$E$2:$E$993,"Home") -> 0 | E14: =COUNTIFS(Results!$A$2:$A$993,"ES",Results!$E$2:$E$993,"Draw")+COUNTIFS(Results!$C$2:$C$993,"ES",Results!$E$2:$E$993,"Draw") -> 0 | F14: =(C14*6)+(E14*3) -> 0
A15: BR | B15: =COUNTIFS(Results!$A$2:$A1003,"BR")+COUNTIFS(Results!$C$2:$C$993,"BR") -> 0 | C15: =COUNTIFS(Results!$A$2:$A$993,"BR",Results!$E$2:$E$993,"Home")+COUNTIFS(Results!$C$2:$C$993,"BR",Results!$E$2:$E$993,"Away") -> 0 | D15: =COUNTIFS(Results!$A$2:$A$993,"BR",Results!$E$2:$E$993,"Away")+COUNTIFS(Results!$C$2:$C$993,"BR",Results!$E$2:$E$993,"Home") -> 0 | E15: =COUNTIFS(Results!$A$2:$A$993,"BR",Results!$E$2:$E$993,"Draw")+COUNTIFS(Results!$C$2:$C$993,"BR",Results!$E$2:$E$993,"Draw") -> 0 | F15: =(C15*6)+(E15*3) -> 0
A16: MY | B16: =COUNTIFS(Results!$A$2:$A999,"MY")+COUNTIFS(Results!$C$2:$C$993,"MY") -> 0 | C16: =COUNTIFS(Results!$A$2:$A$993,"MY",Results!$E$2:$E$993,"Home")+COUNTIFS(Results!$C$2:$C$993,"MY",Results!$E$2:$E$993,"Away") -> 0 | D16: =COUNTIFS(Results!$A$2:$A$993,"MY",Results!$E$2:$E$993,"Away")+COUNTIFS(Results!$C$2:$C$993,"MY",Results!$E$2:$E$993,"Home") -> 0 | E16: =COUNTIFS(Results!$A$2:$A$993,"MY",Results!$E$2:$E$993,"Draw")+COUNTIFS(Results!$C$2:$C$993,"MY",Results!$E$2:$E$993,"Draw") -> 0 | F16: =(C16*6)+(E16*3) -> 0

Sheet Playoff Bracket
A12: Winner:
